DB00091,1
DB00104,2
DB00115,3
DB00121,4
DB00126,5
DB00128,6
DB00136,7
DB00140,8
DB00145,9
DB00146,10
DB00153,11
DB00165,12
DB00169,13
DB00170,14
DB00173,15
DB00176,16
DB00177,17
DB00178,18
DB00179,19
DB00180,20
DB00184,21
DB00187,22
DB00188,23
DB00194,24
DB00195,25
DB00196,26
DB00197,27
DB00198,28
DB00200,29
DB00201,30
DB00203,31
DB00204,32
DB00205,33
DB00208,34
DB00210,35
DB00213,36
DB00215,37
DB00216,38
DB00218,39
DB00222,40
DB00227,41
DB00230,42
DB00232,43
DB00233,44
DB00234,45
DB00235,46
DB00242,47
DB00244,48
DB00245,49
DB00246,50
DB00249,51
DB00252,52
DB00255,53
DB00257,54
DB00259,55
DB00260,56
DB00261,57
DB00262,58
DB00264,59
DB00268,60
DB00270,61
DB00273,62
DB00275,63
DB00277,64
DB00278,65
DB00279,66
DB00281,67
DB00283,68
DB00284,69
DB00285,70
DB00287,71
DB00289,72
DB00290,73
DB00292,74
DB00293,75
DB00296,76
DB00297,77
DB00302,78
DB00307,79
DB00308,80
DB00315,81
DB00316,82
DB00317,83
DB00321,84
DB00322,85
DB00323,86
DB00325,87
DB00328,88
DB00331,89
DB00332,90
DB00334,91
DB00337,92
DB00338,93
DB00341,94
DB00342,95
DB00343,96
DB00345,97
DB00346,98
DB00350,99
DB00351,100
DB00356,101
DB00357,102
DB00358,103
DB00361,104
DB00363,105
DB00366,106
DB00367,107
DB00368,108
DB00370,109
DB00373,110
DB00378,111
DB00379,112
DB00380,113
DB00381,114
DB00382,115
DB00384,116
DB00387,117
DB00388,118
DB00389,119
DB00390,120
DB00391,121
DB00393,122
DB00396,123
DB00398,124
DB00399,125
DB00400,126
DB00401,127
DB00402,128
DB00408,129
DB00412,130
DB00413,131
DB00421,132
DB00423,133
DB00424,134
DB00432,135
DB00433,136
DB00434,137
DB00436,138
DB00437,139
DB00440,140
DB00441,141
DB00443,142
DB00444,143
DB00445,144
DB00446,145
DB00450,146
DB00451,147
DB00455,148
DB00457,149
DB00458,150
DB00459,151
DB00461,152
DB00462,153
DB00465,154
DB00467,155
DB00468,156
DB00469,157
DB00471,158
DB00472,159
DB00476,160
DB00477,161
DB00478,162
DB00480,163
DB00481,164
DB00482,165
DB00483,166
DB00484,167
DB00487,168
DB00489,169
DB00490,170
DB00491,171
DB00494,172
DB00495,173
DB00496,174
DB00498,175
DB00499,176
DB00500,177
DB00501,178
DB00502,179
DB00513,180
DB00514,181
DB00517,182
DB00518,183
DB00524,184
DB00527,185
DB00530,186
DB00533,187
DB00535,188
DB00536,189
DB00537,190
DB00539,191
DB00541,192
DB00542,193
DB00543,194
DB00544,195
DB00545,196
DB00549,197
DB00550,198
DB00552,199
DB00553,200
DB00554,201
DB00555,202
DB00557,203
DB00558,204
DB00559,205
DB00561,206
DB00563,207
DB00564,208
DB00565,209
DB00570,210
DB00571,211
DB00572,212
DB00575,213
DB00576,214
DB00580,215
DB00582,216
DB00583,217
DB00584,218
DB00585,219
DB00586,220
DB00588,221
DB00590,222
DB00591,223
DB00593,224
DB00594,225
DB00596,226
DB00600,227
DB00601,228
DB00603,229
DB00605,230
DB00608,231
DB00609,232
DB00612,233
DB00615,234
DB00619,235
DB00620,236
DB00621,237
DB00622,238
DB00623,239
DB00624,240
DB00626,241
DB00627,242
DB00630,243
DB00631,244
DB00633,245
DB00635,246
DB00636,247
DB00640,248
DB00641,249
DB00642,250
DB00643,251
DB00645,252
DB00648,253
DB00651,254
DB00655,255
DB00656,256
DB00661,257
DB00663,258
DB00665,259
DB00668,260
DB00669,261
DB00672,262
DB00673,263
DB00674,264
DB00675,265
DB00679,266
DB00682,267
DB00688,268
DB00691,269
DB00692,270
DB00694,271
DB00695,272
DB00697,273
DB00700,274
DB00701,275
DB00703,276
DB00704,277
DB00706,278
DB00710,279
DB00712,280
DB00715,281
DB00717,282
DB00719,283
DB00721,284
DB00724,285
DB00728,286
DB00730,287
DB00731,288
DB00732,289
DB00734,290
DB00737,291
DB00738,292
DB00740,293
DB00741,294
DB00744,295
DB00747,296
DB00749,297
DB00750,298
DB00751,299
DB00752,300
DB00755,301
DB00759,302
DB00762,303
DB00763,304
DB00768,305
DB00770,306
DB00773,307
DB00776,308
DB00778,309
DB00780,310
DB00783,311
DB00784,312
DB00788,313
DB00790,314
DB00792,315
DB00794,316
DB00795,317
DB00796,318
DB00797,319
DB00799,320
DB00800,321
DB00804,322
DB00807,323
DB00808,324
DB00809,325
DB00810,326
DB00811,327
DB00812,328
DB00814,329
DB00818,330
DB00820,331
DB00821,332
DB00822,333
DB00823,334
DB00831,335
DB00834,336
DB00836,337
DB00841,338
DB00847,339
DB00848,340
DB00851,341
DB00857,342
DB00860,343
DB00862,344
DB00863,345
DB00864,346
DB00867,347
DB00869,348
DB00870,349
DB00872,350
DB00876,351
DB00877,352
DB00878,353
DB00880,354
DB00881,355
DB00882,356
DB00884,357
DB00887,358
DB00889,359
DB00890,360
DB00892,361
DB00900,362
DB00904,363
DB00905,364
DB00908,365
DB00909,366
DB00912,367
DB00914,368
DB00915,369
DB00917,370
DB00918,371
DB00920,372
DB00922,373
DB00924,374
DB00925,375
DB00927,376
DB00928,377
DB00934,378
DB00935,379
DB00943,380
DB00945,381
DB00947,382
DB00949,383
DB00950,384
DB00951,385
DB00952,386
DB00953,387
DB00959,388
DB00961,389
DB00963,390
DB00966,391
DB00967,392
DB00968,393
DB00972,394
DB00973,395
DB00975,396
DB00977,397
DB00978,398
DB00980,399
DB00982,400
DB00983,401
DB00984,402
DB00987,403
DB00988,404
DB00989,405
DB00991,406
DB00993,407
DB00995,408
DB00996,409
DB00997,410
DB00999,411
DB01001,412
DB01003,413
DB01005,414
DB01006,415
DB01007,416
DB01009,417
DB01012,418
DB01013,419
DB01014,420
DB01016,421
DB01017,422
DB01019,423
DB01021,424
DB01023,425
DB01024,426
DB01025,427
DB01029,428
DB01030,429
DB01032,430
DB01033,431
DB01034,432
DB01036,433
DB01037,434
DB01039,435
DB01041,436
DB01043,437
DB01044,438
DB01045,439
DB01047,440
DB01050,441
DB01054,442
DB01059,443
DB01062,444
DB01064,445
DB01065,446
DB01067,447
DB01073,448
DB01074,449
DB01075,450
DB01079,451
DB01083,452
DB01085,453
DB01086,454
DB01087,455
DB01092,456
DB01094,457
DB01095,458
DB01097,459
DB01099,460
DB01101,461
DB01103,462
DB01108,463
DB01110,464
DB01113,465
DB01114,466
DB01115,467
DB01117,468
DB01118,469
DB01120,470
DB01124,471
DB01127,472
DB01128,473
DB01132,474
DB01136,475
DB01137,476
DB01143,477
DB01144,478
DB01148,479
DB01156,480
DB01157,481
DB01162,482
DB01165,483
DB01166,484
DB01169,485
DB01171,486
DB01173,487
DB01175,488
DB01176,489
DB01177,490
DB01178,491
DB01179,492
DB01182,493
DB01183,494
DB01184,495
DB01186,496
DB01193,497
DB01194,498
DB01195,499
DB01196,500
DB01197,501
DB01202,502
DB01204,503
DB01205,504
DB01206,505
DB01208,506
DB01213,507
DB01217,508
DB01218,509
DB01220,510
DB01221,511
DB01222,512
DB01223,513
DB01224,514
DB01229,515
DB01234,516
DB01235,517
DB01238,518
DB01239,519
DB01241,520
DB01242,521
DB01243,522
DB01244,523
DB01245,524
DB01248,525
DB01250,526
DB01251,527
DB01254,528
DB01259,529
DB01260,530
DB01261,531
DB01262,532
DB01268,533
DB01273,534
DB01275,535
DB01280,536
DB01283,537
DB01333,538
DB01337,539
DB01339,540
DB01340,541
DB01357,542
DB01366,543
DB01367,544
DB01373,545
DB01380,546
DB01392,547
DB01393,548
DB01394,549
DB01395,550
DB01399,551
DB01409,552
DB01411,553
DB01412,554
DB01420,555
DB01425,556
DB01435,557
DB01436,558
DB01438,559
DB01586,560
DB01590,561
DB01591,562
DB01599,563
DB01611,564
DB01616,565
DB01620,566
DB01645,567
DB01656,568
DB01667,569
DB01698,570
DB01708,571
DB01718,572
DB01783,573
DB01933,574
DB01941,575
DB01954,576
DB02097,577
DB02115,578
DB02255,579
DB02262,580
DB02266,581
DB02329,582
DB02375,583
DB02424,584
DB02546,585
DB02567,586
DB02587,587
DB02656,588
DB02701,589
DB02709,590
DB02733,591
DB02740,592
DB02789,593
DB02857,594
DB02877,595
DB02932,596
DB03010,597
DB03044,598
DB03285,599
DB03419,600
DB03424,601
DB03467,602
DB03496,603
DB03566,604
DB03604,605
DB03608,606
DB03754,607
DB03793,608
DB03796,609
DB03841,610
DB03849,611
DB03880,612
DB03994,613
DB04106,614
DB04115,615
DB04149,616
DB04216,617
DB04258,618
DB04297,619
DB04331,620
DB04365,621
DB04552,622
DB04573,623
DB04576,624
DB04599,625
DB04665,626
DB04690,627
DB04703,628
DB04716,629
DB04725,630
DB04743,631
DB04751,632
DB04786,633
DB04794,634
DB04820,635
DB04835,636
DB04838,637
DB04839,638
DB04841,639
DB04843,640
DB04844,641
DB04845,642
DB04849,643
DB04855,644
DB04861,645
DB04864,646
DB04868,647
DB04873,648
DB04876,649
DB04878,650
DB04879,651
DB04881,652
DB04890,653
DB04896,654
DB04898,655
DB04905,656
DB04942,657
DB04946,658
DB04953,659
DB04960,660
DB05013,661
DB05039,662
DB05076,663
DB05294,664
DB05381,665
DB05424,666
DB05448,667
DB05465,668
DB05812,669
DB06148,670
DB06155,671
DB06203,672
DB06207,673
DB06209,674
DB06216,675
DB06218,676
DB06228,677
DB06268,678
DB06287,679
DB06288,680
DB06292,681
DB06335,682
DB06589,683
DB06594,684
DB06605,685
DB06616,686
DB06684,687
DB06693,688
DB06694,689
DB06695,690
DB06698,691
DB06700,692
DB06702,693
DB06710,694
DB06711,695
DB06712,696
DB06717,697
DB06725,698
DB06729,699
DB06733,700
DB06743,701
DB06772,702
DB06777,703
DB06781,704
DB06802,705
DB06809,706
DB06813,707
DB06817,708
DB06852,709
DB06999,710
DB07101,711
DB07232,712
DB07340,713
DB07348,714
DB07352,715
DB07423,716
DB07594,717
DB07615,718
DB07715,719
DB07767,720
DB07795,721
DB07810,722
DB07931,723
DB07933,724
DB07941,725
DB07995,726
DB08052,727
DB08059,728
DB08079,729
DB08142,730
DB08162,731
DB08167,732
DB08313,733
DB08356,734
DB08399,735
DB08486,736
DB08568,737
DB08597,738
DB08756,739
DB08799,740
DB08800,741
DB08814,742
DB08816,743
DB08820,744
DB08828,745
DB08846,746
DB08860,747
DB08865,748
DB08868,749
DB08877,750
DB08878,751
DB08881,752
DB08882,753
DB08893,754
DB08896,755
DB08897,756
DB08899,757
DB08901,758
DB08905,759
DB08916,760
DB08932,761
DB08943,762
DB08954,763
DB09028,764
