0.083054,0.054865,-0.490479,-0.037429,0.190926,0.151926,-0.12626,0.335564,-0.2684,-0.332714,0.058552,0.073346,0.097878,0.027502,-0.241573,0.007167,-0.292529,-0.183881,-0.139358,0.358535,0.277368,-0.301372,0.346772,0.239517,0.088456,-0.292835,-0.13727,-0.17921,-0.038196,0.272573,-0.07972,0.031628,-0.207289,0.194687,0.33694,0.102987,-0.276021,0.180942,0.167437,0.280487,0.331377,0.125128,0.056024,-0.216085,-0.186699,-0.072534,-0.199228,0.094372,0.31014,-0.057241,-0.176933,0.119422,-0.036168,-0.190352,0.169815,-0.052405,-0.163043,0.15037,0.04879,0.174489,0.00018,-0.301236,0.204029,-0.168517
0.090776,-0.068704,-0.421967,-0.091395,0.201615,0.131306,-0.095221,0.321729,-0.189993,-0.314216,0.028524,0.080647,0.197347,0.052513,-0.154991,-0.010906,-0.273911,-0.19528,-0.067441,0.430667,0.301653,-0.226056,0.324653,0.159975,0.158624,-0.255954,-0.093281,-0.180338,-0.008146,0.2272,-0.155017,0.018041,-0.166971,0.199354,0.343908,0.14525,-0.228151,0.123839,0.186811,0.249391,0.303783,0.084516,0.047964,-0.12124,-0.185453,-0.093825,-0.240459,0.031761,0.338022,0.048006,-0.131295,0.19317,-0.020515,-0.181434,0.142252,-0.031563,-0.147542,0.214401,0.017202,0.202366,0.003554,-0.270075,0.14205,-0.169464
0.135165,0.009857,-0.502607,-0.060058,0.208183,0.171447,-0.067446,0.274829,-0.25572,-0.328951,0.09325,0.15661,0.097578,0.013795,-0.140909,0.038201,-0.218286,-0.244248,-0.116021,0.434595,0.230657,-0.200621,0.354646,0.2654,0.094166,-0.251674,-0.158389,-0.272976,-0.097686,0.279676,-0.177042,-0.004253,-0.139149,0.184926,0.334138,0.088476,-0.319328,0.154462,0.162516,0.304615,0.31932,0.096718,0.065961,-0.244075,-0.232469,-0.018509,-0.262902,0.019637,0.427807,0.028538,-0.153895,0.231573,-0.001504,-0.160207,0.151245,-0.013931,-0.149837,0.111864,0.012998,0.228247,0.019505,-0.379619,0.169292,-0.19031
0.090962,-0.074972,-0.37703,-0.026367,0.193674,0.140461,-0.134414,0.327494,-0.235223,-0.309705,0.065403,0.068684,0.229199,0.052656,-0.205854,0.036841,-0.260398,-0.162965,-0.060656,0.460351,0.297572,-0.219549,0.328291,0.214004,0.09335,-0.269844,-0.053026,-0.153773,-0.066457,0.235057,-0.225144,0.003369,-0.141074,0.165178,0.366416,0.176098,-0.232416,0.18073,0.181983,0.28901,0.353064,0.078189,0.008287,-0.139464,-0.214527,-0.117487,-0.196942,-0.016242,0.367463,-0.051837,-0.113782,0.188037,-0.081158,-0.158854,0.101025,0.025026,-0.184955,0.165208,0.042964,0.230309,0.048199,-0.275068,0.152901,-0.166001
0.132833,0.015632,-0.481625,-0.013318,0.157188,0.204178,-0.095444,0.256769,-0.213546,-0.30874,0.084642,0.114704,0.159049,-0.004625,-0.182696,0.003244,-0.2122,-0.195501,-0.065179,0.42261,0.272217,-0.193626,0.36951,0.272886,0.062384,-0.263557,-0.179365,-0.237788,-0.077771,0.282279,-0.186078,0.032566,-0.178303,0.253159,0.34301,0.113524,-0.314265,0.16876,0.131799,0.296759,0.301513,0.070105,0.030682,-0.205366,-0.24248,-0.009361,-0.189951,0.029882,0.398508,0.003539,-0.150451,0.271795,-0.043327,-0.163743,0.118037,-0.008485,-0.164312,0.213494,0.043807,0.21103,-0.015459,-0.283865,0.137067,-0.194065
0.141846,-0.018862,-0.448895,-0.100611,0.232028,0.164237,-0.100626,0.272995,-0.244055,-0.333037,0.106031,0.206174,0.14151,0.043603,-0.111302,0.027283,-0.176612,-0.288402,-0.095992,0.399666,0.291206,-0.247316,0.32211,0.254351,0.056493,-0.233142,-0.185914,-0.277457,-0.058721,0.236106,-0.165199,0.003315,-0.160519,0.273706,0.397279,0.118793,-0.329188,0.209039,0.087525,0.234388,0.352625,0.143779,-0.015666,-0.253375,-0.235909,-0.048388,-0.17982,0.014729,0.458582,-0.031101,-0.144339,0.165664,-0.05824,-0.125479,0.173788,-0.003638,-0.146505,0.136314,0.031608,0.271227,0.025783,-0.310246,0.136117,-0.219415
0.106871,0.01339,-0.454929,-0.066098,0.178083,0.118003,-0.131787,0.258531,-0.238385,-0.3808,0.046675,0.151894,0.157594,-0.024031,-0.171142,0.030131,-0.198692,-0.205502,-0.034893,0.413131,0.373386,-0.265413,0.323032,0.240508,0.082993,-0.224414,-0.17318,-0.292615,-0.024698,0.215472,-0.133429,0.01867,-0.164457,0.176562,0.360201,0.085611,-0.253515,0.151114,0.155872,0.298858,0.267178,0.166234,-0.014324,-0.236306,-0.224473,-0.070765,-0.2185,0.059422,0.360309,-0.007279,-0.14928,0.165695,-0.030815,-0.168492,0.158755,0.029065,-0.140091,0.228312,0.075615,0.219848,0.006797,-0.29377,0.141235,-0.169778
0.193061,0.018354,-0.524011,-0.12828,0.1287,0.197948,-0.119008,0.326446,-0.225006,-0.306256,0.05841,0.046467,0.043772,0.034961,-0.079317,-0.005948,-0.146286,-0.267261,-0.06217,0.438598,0.232783,-0.261543,0.360983,0.280074,-0.03712,-0.287999,-0.111768,-0.230798,-0.095653,0.253951,-0.152523,0.119948,-0.082206,0.304752,0.288113,0.107312,-0.357173,0.224448,0.116706,0.243709,0.334777,0.048694,0.030949,-0.20347,-0.1711,-0.049972,-0.293041,0.117597,0.397523,-0.018085,-0.111029,0.298654,-0.045415,-0.234245,0.177663,0.064906,-0.247931,0.173698,0.038864,0.223654,0.106963,-0.300094,0.206632,-0.189334
0.190428,0.019065,-0.513145,-0.031056,0.189154,0.153378,-0.148724,0.262019,-0.218709,-0.309128,0.097797,0.111313,0.199053,0.016587,-0.207537,0.042931,-0.25416,-0.251545,-0.076517,0.404543,0.270955,-0.152099,0.436123,0.262619,0.139105,-0.220787,-0.121014,-0.272946,-0.054988,0.250287,-0.185847,0.047677,-0.187698,0.166415,0.330407,0.156712,-0.292023,0.143099,0.155315,0.34493,0.258248,0.111913,0.062537,-0.161689,-0.229349,0.006281,-0.180294,0.04861,0.398171,0.002931,-0.184812,0.16032,-0.104449,-0.195247,0.093396,-0.038873,-0.148315,0.118925,0.031721,0.196571,0.007441,-0.311247,0.106122,-0.224512
0.171753,-0.030608,-0.546781,0.019463,0.237714,0.158306,-0.163399,0.285632,-0.240866,-0.319797,0.091463,0.1104,0.125665,-0.046112,-0.230129,0.006866,-0.159674,-0.275409,-0.106396,0.437025,0.268398,-0.22757,0.343539,0.274093,0.103851,-0.227036,-0.158445,-0.25576,-0.08303,0.259851,-0.107217,0.047573,-0.152162,0.211767,0.318152,0.080732,-0.363242,0.211884,0.167984,0.323369,0.283881,0.05996,0.022523,-0.247233,-0.177328,-0.032161,-0.232555,0.025056,0.330264,-0.007334,-0.161311,0.249476,-0.064669,-0.197196,0.12455,-0.071097,-0.184996,0.154306,0.053834,0.209692,-0.028967,-0.321399,0.183723,-0.201109
0.149966,0.011734,-0.466309,-0.058772,0.20487,0.187324,-0.094183,0.265034,-0.265523,-0.274393,0.043737,0.154728,0.186025,0.013278,-0.177014,0.014438,-0.17401,-0.262332,-0.128071,0.496469,0.234402,-0.253612,0.349165,0.228132,0.094912,-0.227557,-0.153677,-0.265183,-0.058845,0.218903,-0.18134,0.025527,-0.156764,0.214696,0.304932,0.155625,-0.315863,0.220806,0.123935,0.245542,0.326358,0.161933,0.016865,-0.199971,-0.212008,-0.042424,-0.24068,0.025014,0.384409,-0.033547,-0.160943,0.191683,-0.060844,-0.167376,0.153185,-0.01244,-0.163575,0.192554,0.023534,0.234057,0.013255,-0.345389,0.214116,-0.172658
0.178962,-0.026319,-0.485253,-0.048278,0.198492,0.163565,-0.108276,0.335707,-0.22945,-0.300544,0.090078,0.148073,0.171643,0.018567,-0.174288,0.002624,-0.181027,-0.233415,-0.07319,0.435934,0.268325,-0.23764,0.34459,0.269105,0.065738,-0.240485,-0.139277,-0.278054,-0.085893,0.255304,-0.145804,0.028321,-0.134924,0.210049,0.308497,0.078,-0.35732,0.203349,0.167463,0.249997,0.280133,0.113783,0.032006,-0.238455,-0.263206,-0.011201,-0.204623,0.045419,0.417309,0.020047,-0.135148,0.209155,-0.007779,-0.202816,0.142939,0.002409,-0.182755,0.125816,-0.00151,0.247469,0.051392,-0.331424,0.230142,-0.162119
0.112167,0.081041,-0.42687,-0.203978,0.25186,0.210753,-0.054929,0.337822,-0.225916,-0.3081,0.014522,0.112081,0.094462,-0.02234,-0.149216,0.018512,-0.143238,-0.290686,-0.068462,0.476006,0.271149,-0.163102,0.401473,0.239774,0.10651,-0.276055,-0.184549,-0.228143,-0.030503,0.272966,-0.206603,0.034655,-0.209105,0.089302,0.298378,0.186429,-0.328765,0.131006,0.193338,0.271365,0.337331,0.120669,0.102584,-0.162924,-0.157156,-0.04552,-0.244962,0.040104,0.420094,-0.042587,-0.212322,0.253148,-0.030049,-0.115055,0.083689,-0.081551,-0.238551,0.091,0.122599,0.172744,0.010266,-0.284684,0.159896,-0.113629
0.151802,-0.005876,-0.430285,-0.077375,0.195695,0.145985,-0.109164,0.369312,-0.257122,-0.335302,0.017249,0.069217,0.144762,0.109329,-0.118108,0.016728,-0.215907,-0.23795,-0.081521,0.401899,0.292186,-0.251635,0.421768,0.255691,0.120184,-0.197265,-0.160401,-0.259913,-0.014046,0.275131,-0.168756,0.023453,-0.154812,0.220153,0.302256,0.147078,-0.296787,0.19473,0.147337,0.27229,0.269728,0.128495,0.039892,-0.16995,-0.224322,-0.123497,-0.212709,0.066176,0.355983,-0.015127,-0.121097,0.196983,-0.111022,-0.16057,0.172066,0.010205,-0.206435,0.134968,-0.00496,0.222118,0.011482,-0.261578,0.204772,-0.239757
0.226177,0.12521,-0.535164,-0.134057,0.180043,0.114555,-0.212573,0.223513,-0.217427,-0.219548,0.051674,0.122337,0.27006,-0.01108,-0.182825,0.0164,-0.110522,-0.120328,0.017684,0.397994,0.331161,-0.062828,0.488283,0.286259,0.02381,-0.287963,-0.068486,-0.367267,-0.088456,0.255336,-0.062018,0.123124,0.018953,0.182579,0.424265,0.09878,-0.415275,0.093741,0.124501,0.296125,0.34332,0.195057,0.062869,-0.326809,-0.272839,-0.081746,-0.158297,0.012413,0.506245,0.01042,-0.255469,0.182522,-0.060942,-0.111575,0.033356,-0.053244,-0.317506,0.059393,0.051274,0.289412,-0.071817,-0.319464,0.20409,-0.200605
0.169436,0.01594,-0.490977,-0.049481,0.194583,0.177615,-0.106907,0.280065,-0.231575,-0.307593,0.071548,0.120272,0.118209,0.016654,-0.161634,0.003833,-0.220902,-0.188402,-0.078914,0.414635,0.264685,-0.226073,0.364588,0.265247,0.080383,-0.227207,-0.128282,-0.293627,-0.103975,0.273044,-0.14693,0.013492,-0.110729,0.197148,0.347054,0.069424,-0.337193,0.199242,0.160165,0.289591,0.287428,0.110192,0.02866,-0.214268,-0.217618,-0.032924,-0.220075,0.026679,0.41856,0.00583,-0.143409,0.223631,-0.023085,-0.192484,0.130675,-0.031919,-0.207974,0.124976,0.052122,0.227901,0.037772,-0.308333,0.147074,-0.191397
0.137446,-0.050151,-0.441381,-0.038079,0.126599,0.164929,-0.160348,0.326214,-0.225401,-0.293391,0.008029,0.090876,0.151522,0.029185,-0.160706,-0.020173,-0.305608,-0.227624,-0.107056,0.5211,0.28097,-0.18331,0.346356,0.263953,0.06246,-0.300253,-0.125821,-0.230527,-0.059301,0.217149,-0.069677,0.095405,-0.183665,0.229951,0.373955,0.098399,-0.23293,0.212051,0.13275,0.213141,0.326625,0.08718,0.084487,-0.204974,-0.212079,-0.116029,-0.246457,0.080182,0.33897,0.035336,-0.137101,0.175465,-0.069446,-0.12326,0.132423,-0.013466,-0.151014,0.226966,0.05799,0.17866,0.058804,-0.266401,0.188089,-0.183352
0.175007,0.081751,-0.443622,-0.030619,0.080919,0.106272,-0.122059,0.372645,-0.079526,-0.318547,0.18332,0.072922,0.199845,-0.059072,-0.175416,0.0535,-0.204381,-0.124668,-0.005847,0.383916,0.205462,-0.240107,0.283722,0.336927,0.132885,-0.237278,-0.101509,-0.282212,-0.045646,0.222296,-0.276492,-0.01471,-0.143577,0.250034,0.468324,0.15623,-0.309365,0.279177,0.174566,0.236249,0.189439,0.110434,0.121602,-0.148986,-0.216097,-0.157905,-0.142648,0.029305,0.312723,-0.085784,-0.169268,0.215254,-0.003937,-0.214343,0.116787,-0.037729,-0.069052,0.192673,0.171633,0.097442,-0.065481,-0.268833,0.081869,-0.182426
0.170737,-0.016341,-0.50422,-0.054232,0.19863,0.176318,-0.093215,0.260325,-0.225532,-0.31654,0.116088,0.145867,0.152346,0.026333,-0.134012,0.020109,-0.17942,-0.218773,-0.098439,0.436159,0.277825,-0.256742,0.382659,0.268765,0.096309,-0.243502,-0.14629,-0.289658,-0.0831,0.273749,-0.143015,0.024496,-0.136346,0.212971,0.293751,0.070115,-0.354426,0.227391,0.124089,0.277364,0.337707,0.093658,0.023299,-0.246684,-0.246879,-0.004836,-0.23746,-0.005304,0.428911,0.005201,-0.181931,0.277429,-0.031831,-0.21091,0.094788,-0.062816,-0.160128,0.110461,0.01546,0.23749,0.032717,-0.346287,0.152165,-0.181054
0.167456,-0.004945,-0.48968,-0.047615,0.184169,0.199798,-0.100347,0.26276,-0.243398,-0.340008,0.0848,0.147053,0.124723,-0.000448,-0.120323,0.027224,-0.215935,-0.269548,-0.051559,0.430531,0.256104,-0.21748,0.3696,0.266438,0.047194,-0.237724,-0.156182,-0.295083,-0.119446,0.27291,-0.167611,0.050659,-0.131573,0.22148,0.3326,0.094485,-0.37499,0.197182,0.148336,0.271749,0.327994,0.121891,0.071082,-0.247051,-0.25248,-0.056341,-0.261664,0.045097,0.407532,0.002719,-0.163996,0.245794,-0.042645,-0.188242,0.138357,-0.002027,-0.184526,0.101695,0.039841,0.200167,0.029165,-0.350335,0.18154,-0.177076
0.180284,-0.003174,-0.523855,-0.045646,0.200558,0.206991,-0.073411,0.282532,-0.240815,-0.305071,0.105318,0.128725,0.145894,-0.003339,-0.139709,-0.019545,-0.192445,-0.235553,-0.142723,0.402285,0.193538,-0.268602,0.392183,0.353475,0.014248,-0.311228,-0.172165,-0.306236,-0.108197,0.324823,-0.155091,0.004107,-0.101461,0.213053,0.308671,0.117629,-0.379532,0.236564,0.105141,0.286501,0.301787,0.163268,0.07973,-0.211476,-0.201917,0.008962,-0.246359,0.028104,0.414051,-0.023699,-0.136575,0.221946,-0.049279,-0.207555,0.13372,-0.065715,-0.173877,0.071742,0.051988,0.175542,0.04719,-0.390778,0.180328,-0.131078
0.148321,-0.055715,-0.450065,-0.05071,0.105897,0.044275,-0.16954,0.364467,-0.229291,-0.377488,0.002368,0.118376,0.228835,0.049378,-0.16635,-0.049526,-0.335374,-0.186894,-0.096814,0.394012,0.255535,-0.25391,0.295105,0.140183,0.117368,-0.207334,-0.148617,-0.211151,-0.012243,0.290339,-0.218628,0.04643,-0.176784,0.190223,0.384821,0.111057,-0.269937,0.109867,0.205809,0.266571,0.211633,0.150211,0.097298,-0.129686,-0.146899,-0.01142,-0.170446,0.098765,0.382683,0.010831,-0.151493,0.25832,0.002138,-0.155401,0.123076,0.000607,-0.183031,0.154824,0.12196,0.136721,0.093404,-0.307743,0.122687,-0.205098
0.167561,0.043463,-0.501704,-0.008723,0.222297,0.11828,-0.04223,0.274379,-0.26501,-0.381739,0.06373,0.166475,0.150344,0.054428,-0.17136,0.05864,-0.215552,-0.235201,-0.084581,0.420875,0.295556,-0.214753,0.340905,0.237497,0.067445,-0.263656,-0.14819,-0.294364,-0.045272,0.246783,-0.161204,0.109197,-0.159726,0.222077,0.35255,0.113411,-0.329855,0.18488,0.165218,0.270782,0.280981,0.093114,0.052471,-0.231066,-0.268462,-0.031635,-0.207519,0.043109,0.363495,0.007667,-0.214146,0.306022,-0.06308,-0.164579,0.126249,-0.03339,-0.140264,0.144943,0.014335,0.231649,0.040361,-0.295303,0.173682,-0.198141
0.133517,-0.0176,-0.447712,-0.085585,0.210519,0.164633,-0.111488,0.301453,-0.249246,-0.276726,0.088295,0.128745,0.133206,0.003916,-0.14562,0.017542,-0.202713,-0.201256,-0.082492,0.43219,0.251684,-0.250102,0.375885,0.231112,0.110869,-0.24088,-0.120934,-0.271044,-0.028114,0.275895,-0.158424,0.037118,-0.156285,0.18859,0.328656,0.097897,-0.293532,0.209721,0.175669,0.26448,0.350117,0.141984,0.032505,-0.240659,-0.219939,-0.073514,-0.19192,0.047991,0.390817,0.003425,-0.153977,0.180329,-0.022255,-0.183471,0.145118,-0.04178,-0.15055,0.17683,0.027265,0.218262,0.032246,-0.330159,0.187496,-0.195235
0.159801,-0.019071,-0.417175,-0.062536,0.16095,0.178513,-0.110212,0.28932,-0.260115,-0.330849,0.066031,0.12465,0.100523,0.067917,-0.195969,0.035997,-0.229448,-0.253237,-0.076552,0.448269,0.254488,-0.268484,0.396825,0.267891,0.098269,-0.277831,-0.158698,-0.274758,-0.046283,0.282104,-0.157505,0.102209,-0.164378,0.218608,0.334297,0.095165,-0.363892,0.180698,0.138176,0.285609,0.332785,0.085289,0.015857,-0.1889,-0.227154,-0.010761,-0.223781,0.063825,0.368423,0.056317,-0.167857,0.234068,-0.011872,-0.164876,0.125354,-0.000382,-0.140154,0.12764,-0.000545,0.183892,0.005005,-0.336614,0.18332,-0.211964
0.170124,-0.004385,-0.518698,-0.077991,0.221067,0.18681,-0.128357,0.256509,-0.231579,-0.311196,0.106554,0.11341,0.100356,0.046247,-0.143128,0.014435,-0.253326,-0.209368,-0.096377,0.394193,0.275239,-0.238968,0.35616,0.255985,0.095417,-0.239708,-0.144264,-0.253219,-0.075976,0.264637,-0.201633,0.036226,-0.14533,0.222698,0.360392,0.09573,-0.300101,0.209175,0.169662,0.254477,0.320489,0.082947,0.016648,-0.193238,-0.210014,-0.022896,-0.223267,0.046667,0.381452,-0.01857,-0.148238,0.218001,-0.040803,-0.193277,0.094504,-0.000869,-0.163164,0.178507,0.083769,0.216367,0.014025,-0.327812,0.20528,-0.19809
0.241515,0.057403,-0.470545,-0.0778,0.225956,0.158909,-0.128088,0.273096,-0.247332,-0.27237,0.024077,0.149584,0.142095,-0.012367,-0.153172,0.040253,-0.223962,-0.267039,-0.075421,0.475207,0.271685,-0.192274,0.410829,0.239559,0.087982,-0.24505,-0.185212,-0.294483,-0.075577,0.256973,-0.192124,0.055011,-0.132262,0.189509,0.300291,-0.006725,-0.368105,0.191021,0.1528,0.243546,0.393619,0.112169,0.028161,-0.281869,-0.21269,-0.031019,-0.285709,0.028434,0.448473,0.024026,-0.111284,0.200731,-0.075009,-0.218768,0.064709,-0.054723,-0.158477,0.139173,0.022214,0.247088,0.017765,-0.322678,0.170407,-0.1303
0.174207,0.046866,-0.454281,-0.075017,0.164902,0.226496,-0.128469,0.299995,-0.150549,-0.34945,0.061301,0.142612,0.179216,0.060878,-0.145294,0.009876,-0.208936,-0.209978,-0.104614,0.428747,0.295361,-0.254949,0.312547,0.299868,0.027176,-0.234315,-0.102611,-0.300662,-0.087865,0.274143,-0.14017,0.049405,-0.15103,0.213329,0.319575,0.101323,-0.368379,0.233604,0.126516,0.329185,0.350347,0.066958,0.024516,-0.211541,-0.23927,-0.05738,-0.213265,0.029545,0.404684,-0.006617,-0.156191,0.247423,-0.058866,-0.138057,0.077339,-0.039779,-0.140319,0.151781,0.074219,0.222409,0.008447,-0.332698,0.185099,-0.193344
0.182574,-0.016177,-0.521337,-0.077974,0.244368,0.189542,-0.111053,0.258135,-0.220673,-0.314241,0.055058,0.160902,0.13599,0.013339,-0.126197,0.044985,-0.211523,-0.225506,-0.054873,0.418352,0.266512,-0.267071,0.361744,0.261754,0.086352,-0.238164,-0.158056,-0.256677,-0.100933,0.275129,-0.173825,0.067359,-0.160742,0.224299,0.325859,0.097803,-0.334124,0.15994,0.170063,0.216793,0.315953,0.085942,0.048191,-0.231431,-0.208468,-0.015506,-0.250299,0.081516,0.413087,-0.02492,-0.131038,0.225563,-0.07331,-0.167844,0.147066,-0.000673,-0.186914,0.12371,0.056208,0.236229,-0.001399,-0.301812,0.177577,-0.222068
0.18957,0.026579,-0.546347,-0.06268,0.205544,0.22376,-0.110495,0.243077,-0.279017,-0.300516,0.107262,0.138325,0.115502,0.004677,-0.11608,0.026247,-0.208912,-0.233522,-0.084864,0.489461,0.266057,-0.214421,0.376774,0.269828,0.069841,-0.22806,-0.161517,-0.292713,-0.082874,0.240223,-0.144498,0.028876,-0.123962,0.235516,0.282277,0.017428,-0.369945,0.229195,0.107633,0.267542,0.356988,0.113589,0.028414,-0.26348,-0.217115,-0.041829,-0.227747,0.060812,0.439402,-0.003295,-0.143062,0.275876,-0.045262,-0.176718,0.158977,-0.023158,-0.18763,0.110725,0.001207,0.22303,0.006209,-0.357269,0.201841,-0.177555
0.11813,0.024208,-0.478063,-0.040789,0.185128,0.157318,-0.109669,0.271196,-0.202048,-0.294172,0.072702,0.150044,0.165803,0.037747,-0.156086,-0.030091,-0.226839,-0.224712,-0.045615,0.420742,0.257263,-0.28561,0.341572,0.26422,0.090449,-0.236074,-0.138581,-0.250481,-0.033775,0.239183,-0.127465,0.012374,-0.14795,0.183981,0.323424,0.099859,-0.311673,0.20799,0.155407,0.286585,0.326098,0.086567,0.052701,-0.209566,-0.173427,-0.072839,-0.206953,0.047587,0.411235,-0.009529,-0.147027,0.209596,-0.021254,-0.190634,0.148717,-0.047095,-0.19526,0.149713,0.068063,0.209068,0.055859,-0.330017,0.123597,-0.211813
0.163873,-0.022697,-0.397058,-0.052768,0.128946,0.121945,-0.177664,0.35107,-0.202196,-0.293147,0.082923,0.037533,0.160478,0.005962,-0.181864,-0.010678,-0.206093,-0.251731,-0.080249,0.476381,0.264957,-0.258458,0.368176,0.186325,0.088029,-0.232346,-0.188928,-0.277858,0.011423,0.242717,-0.149586,0.071464,-0.122551,0.19233,0.362042,0.15562,-0.27291,0.149163,0.208609,0.261954,0.288271,0.048496,0.123508,-0.183478,-0.25708,-0.131529,-0.161243,0.092473,0.388531,0.007159,-0.177102,0.226736,-0.008518,-0.199469,0.080662,0.006683,-0.169489,0.171014,0.134153,0.17829,0.033081,-0.250957,0.220022,-0.188757
0.145476,0.055617,-0.452873,-0.009385,0.191579,0.135186,-0.195596,0.218253,-0.225448,-0.215379,0.086901,0.192713,0.20091,-0.093441,-0.176142,-0.033864,-0.222147,-0.217944,-0.002295,0.364965,0.379023,-0.238541,0.358128,0.182143,0.063721,-0.22581,-0.049154,-0.26531,0.04112,0.281048,-0.134005,0.035119,-0.191697,0.278131,0.293365,0.133544,-0.249355,0.195435,0.125775,0.311006,0.37338,0.033173,0.10121,-0.207513,-0.198446,-0.065249,-0.181271,-0.004925,0.410245,0.0421,-0.138915,0.286869,0.013828,-0.07168,0.138301,-0.031024,-0.215114,0.193384,0.049276,0.222797,0.08537,-0.342524,0.098089,-0.189694
0.217701,0.012441,-0.583318,-0.052528,0.299262,0.270386,-0.065435,0.222571,-0.234961,-0.332004,0.089351,0.173877,0.128776,0.047122,-0.104894,0.11221,-0.186215,-0.238319,-0.095984,0.508089,0.285615,-0.243409,0.362582,0.293129,0.011298,-0.327548,-0.215764,-0.300272,-0.086112,0.221599,-0.127124,0.064527,-0.142184,0.226618,0.265207,0.082282,-0.490174,0.23724,0.061751,0.227394,0.396676,0.131342,0.05034,-0.206574,-0.215702,-0.014458,-0.20026,0.042197,0.454365,-0.057248,-0.178032,0.281059,-0.099842,-0.257274,0.124638,-0.025555,-0.192305,0.095461,0.046253,0.213666,-0.005371,-0.397292,0.22306,-0.107202
0.177702,0.076517,-0.478999,-0.025802,0.186385,0.190304,-0.091291,0.273021,-0.203022,-0.296692,0.044578,0.147508,0.127104,0.04493,-0.147298,0.02916,-0.231266,-0.216929,-0.114999,0.385661,0.270896,-0.252378,0.353259,0.264894,0.075455,-0.267851,-0.148828,-0.286894,-0.077809,0.255327,-0.15919,0.033727,-0.133505,0.207801,0.328043,0.106636,-0.35603,0.226622,0.117258,0.335671,0.341044,0.110446,-0.00204,-0.22146,-0.196392,-0.050262,-0.250486,0.069894,0.39574,0.013079,-0.155496,0.215475,-0.06168,-0.161042,0.075463,-0.010565,-0.143985,0.137042,0.086968,0.216309,0.023052,-0.376308,0.154709,-0.195955
0.044915,0.073196,-0.523226,-0.088633,0.251108,0.129872,-0.110366,0.268288,-0.181699,-0.398322,0.088511,0.088986,0.281028,0.079274,-0.129618,0.042987,-0.107679,-0.220066,-0.14841,0.395455,0.268558,-0.261726,0.32912,0.206484,0.068714,-0.225886,-0.067684,-0.205899,-0.052485,0.335345,-0.156283,-0.030117,-0.149654,0.242096,0.281825,0.184836,-0.231625,0.150825,0.122322,0.305859,0.384448,0.100819,-0.024802,-0.196292,-0.229396,-0.079549,-0.289361,0.055402,0.339374,-0.063328,-0.158497,0.292643,-0.098945,-0.143881,0.188902,0.083869,-0.243234,0.23706,0.017883,0.214531,0.007646,-0.274454,0.229675,-0.151794
0.110904,-0.020652,-0.451826,-0.075523,0.163155,0.129251,-0.103564,0.321917,-0.275422,-0.333526,0.078832,0.107369,0.143513,0.017373,-0.198449,-0.016135,-0.242044,-0.216463,-0.056023,0.440459,0.269932,-0.246334,0.3298,0.259719,0.129408,-0.24454,-0.128299,-0.169356,0.003401,0.207401,-0.183676,-0.001938,-0.226115,0.202722,0.332821,0.11671,-0.284523,0.187859,0.178792,0.284897,0.27445,0.128666,0.047446,-0.174041,-0.204488,-0.064763,-0.19233,0.072574,0.358483,0.008932,-0.188054,0.208587,-0.02832,-0.175483,0.139852,-0.02104,-0.149597,0.228607,0.11728,0.16016,0.072828,-0.24256,0.183323,-0.118431
0.096672,-0.044974,-0.510474,-0.104258,0.154695,0.204218,-0.050962,0.254652,-0.267332,-0.418605,0.108548,0.162492,0.140108,-0.002367,-0.166753,0.047436,-0.204053,-0.226281,-0.084607,0.40916,0.252015,-0.299504,0.287095,0.234353,0.128064,-0.201827,-0.247461,-0.290943,-0.061489,0.2256,-0.139616,-0.024055,-0.092309,0.2553,0.331583,0.123349,-0.267762,0.177627,0.208162,0.251743,0.34045,0.127179,0.036,-0.231297,-0.266998,-0.006089,-0.320683,0.041286,0.405093,-0.073469,-0.185934,0.199222,-0.072549,-0.169466,0.147406,0.046978,-0.098813,0.162955,0.042073,0.195269,0.032283,-0.326233,0.128635,-0.191027
0.183072,0.012153,-0.521602,-0.027416,0.201328,0.152442,-0.081892,0.273156,-0.254703,-0.293873,0.090986,0.1054,0.129951,0.024134,-0.142855,-0.015037,-0.203141,-0.323367,-0.06463,0.463799,0.246426,-0.214646,0.390702,0.253352,0.068362,-0.229473,-0.15273,-0.320484,-0.110281,0.256513,-0.163124,0.027318,-0.111263,0.238331,0.340102,0.058261,-0.345866,0.189281,0.14159,0.258032,0.320838,0.091972,0.052691,-0.242193,-0.213948,-0.013971,-0.248318,0.056281,0.402236,-0.009001,-0.165378,0.243888,-0.041493,-0.221577,0.124254,-0.0402,-0.199773,0.074214,0.048339,0.268102,0.039904,-0.33206,0.195022,-0.188631
0.248601,0.01565,-0.462394,-0.019512,0.238338,0.138434,-0.06906,0.28194,-0.221417,-0.304136,0.123484,0.112225,0.16066,-0.004241,-0.191234,0.023849,-0.232851,-0.271222,-0.084056,0.438294,0.304358,-0.241878,0.299393,0.244597,0.022214,-0.266298,-0.167951,-0.342959,-0.024042,0.225979,-0.205921,0.016552,-0.157636,0.162467,0.308679,0.090925,-0.389714,0.284464,0.087451,0.268611,0.408498,0.163145,0.029608,-0.251555,-0.168465,-0.016824,-0.213215,0.037776,0.445963,-0.064419,-0.208674,0.265099,-0.046295,-0.249118,0.120095,-0.004639,-0.107995,0.164962,0.021739,0.304054,0.038551,-0.273689,0.135405,-0.188526
0.192507,-0.000898,-0.489186,-0.083383,0.171957,0.11024,-0.079774,0.262974,-0.213825,-0.284266,0.067655,0.094092,0.129639,0.06528,-0.186935,-0.016076,-0.248953,-0.267229,-0.085788,0.443231,0.267247,-0.211153,0.366411,0.247022,0.10355,-0.219463,-0.134156,-0.21429,-0.082215,0.241635,-0.183727,0.065257,-0.131429,0.243074,0.327055,0.11252,-0.31497,0.197227,0.177626,0.262844,0.350258,0.065288,-0.026419,-0.181775,-0.252028,-0.022718,-0.249755,0.043302,0.369813,-0.032336,-0.13635,0.175674,-0.034611,-0.19721,0.141871,0.013551,-0.112259,0.126004,0.069602,0.220429,0.014892,-0.335147,0.163293,-0.193641
0.165711,0.034219,-0.45048,-0.087015,0.190449,0.210952,-0.136835,0.249789,-0.206043,-0.25399,0.080822,0.095369,0.122538,-0.00635,-0.16515,-0.016817,-0.141064,-0.254409,-0.067928,0.444803,0.29855,-0.282879,0.441987,0.325282,0.132022,-0.226237,-0.166646,-0.234399,-0.126664,0.178237,-0.117535,0.011795,-0.113571,0.28591,0.327367,0.06444,-0.301938,0.258286,0.173188,0.243085,0.285067,0.120073,0.086577,-0.248705,-0.217162,-0.065833,-0.360782,0.016379,0.456123,0.057681,-0.136336,0.139638,-0.036224,-0.201534,0.19275,-0.017104,-0.183393,0.111334,0.099015,0.265555,0.00148,-0.31222,0.140299,-0.209613
0.131673,0.010349,-0.458971,0.081663,0.184357,0.157783,-0.101589,0.284781,-0.194522,-0.326158,0.0753,0.173797,0.12527,0.002896,-0.209013,-0.036426,-0.263015,-0.284405,-0.025027,0.428795,0.272337,-0.299973,0.426918,0.306875,0.057878,-0.302956,-0.179199,-0.221662,-0.093073,0.237696,-0.123885,-0.035315,-0.13521,0.213051,0.294765,0.102573,-0.344713,0.17547,0.152353,0.312224,0.266021,0.044849,0.108869,-0.159855,-0.191864,-0.076961,-0.245825,0.043064,0.443433,-0.031507,-0.161528,0.206226,-0.115159,-0.082678,0.09472,-0.015194,-0.221138,0.115199,0.072066,0.199967,0.047374,-0.292989,0.151884,-0.118675
0.152492,-0.026912,-0.547727,-0.093249,0.239835,0.183346,-0.094424,0.250708,-0.272168,-0.350372,0.106655,0.158453,0.176659,0.026742,-0.202077,-0.022473,-0.156557,-0.228985,-0.063925,0.50265,0.277707,-0.229343,0.324466,0.238519,0.133275,-0.268127,-0.181745,-0.259264,-0.060499,0.210536,-0.107643,0.051197,-0.070603,0.141793,0.317125,0.075707,-0.341956,0.234088,0.150589,0.268101,0.302565,0.145787,0.050113,-0.24962,-0.179917,0.022139,-0.278954,0.012421,0.411329,-0.058611,-0.146395,0.237247,-0.121968,-0.13864,0.141308,-0.024187,-0.145773,0.085131,0.059003,0.276861,0.022335,-0.276952,0.208555,-0.237477
0.168038,0.024018,-0.493264,-0.059513,0.224742,0.203133,-0.115787,0.301395,-0.175169,-0.329823,0.054808,0.15143,0.137863,0.007235,-0.123463,-0.004755,-0.21247,-0.198571,-0.039591,0.437532,0.223123,-0.189559,0.294254,0.291287,0.086895,-0.294544,-0.200296,-0.250171,-0.062603,0.262529,-0.157217,0.082193,-0.106438,0.199852,0.335173,0.117551,-0.363468,0.243301,0.147074,0.24384,0.321891,0.104703,0.079992,-0.247217,-0.251696,-0.041313,-0.182213,0.053566,0.453931,-0.004055,-0.175997,0.232964,0.023366,-0.1789,0.124101,-0.074005,-0.207546,0.166603,0.086005,0.199258,0.041831,-0.333105,0.137118,-0.171031
0.153183,0.011263,-0.469427,-0.112507,0.180183,0.161831,-0.099247,0.284973,-0.243906,-0.312202,0.066835,0.118467,0.132461,0.012507,-0.175532,-0.022686,-0.225469,-0.223253,-0.076641,0.417305,0.295636,-0.221784,0.354277,0.271846,0.104625,-0.257751,-0.177957,-0.257201,-0.086779,0.23882,-0.180846,0.008007,-0.103903,0.247258,0.331744,0.083696,-0.354931,0.201637,0.127862,0.288231,0.305779,0.07623,0.020184,-0.220848,-0.257759,-0.049186,-0.251496,0.051681,0.386057,0.021738,-0.150364,0.227982,-0.07843,-0.154901,0.14558,-0.042279,-0.153327,0.15829,0.070813,0.215535,0.009698,-0.348263,0.200108,-0.182249
0.192125,-0.006623,-0.507135,-0.034211,0.201511,0.194758,-0.139054,0.272379,-0.23372,-0.292123,0.102269,0.127399,0.167134,0.025104,-0.11911,0.021798,-0.238321,-0.236608,-0.042146,0.436009,0.27727,-0.231603,0.36011,0.303071,0.107621,-0.223338,-0.134541,-0.243503,-0.092165,0.259851,-0.193459,0.016722,-0.139629,0.219345,0.296601,0.063504,-0.317563,0.194925,0.186076,0.237177,0.325575,0.102432,0.1048,-0.197652,-0.250393,-0.037487,-0.232093,0.032127,0.418508,-0.000215,-0.133391,0.241653,-0.028268,-0.143666,0.098277,-0.006375,-0.181697,0.135636,0.0524,0.239662,0.027637,-0.341775,0.1369,-0.183772
0.189652,0.020502,-0.472878,-0.058322,0.17068,0.139502,-0.100686,0.284481,-0.212787,-0.284532,0.077179,0.114229,0.155151,0.031842,-0.154768,0.012045,-0.213859,-0.207768,-0.081486,0.400376,0.249921,-0.256437,0.362718,0.277476,0.107728,-0.221881,-0.118997,-0.237829,-0.011454,0.245176,-0.159205,0.026158,-0.153949,0.217432,0.346858,0.126746,-0.323041,0.199017,0.135717,0.261444,0.312623,0.151217,0.031637,-0.219488,-0.212999,-0.064237,-0.195547,0.052542,0.396813,0.000148,-0.142435,0.202864,-0.029951,-0.161481,0.159356,0.001707,-0.176192,0.160507,0.05815,0.222929,0.053012,-0.323757,0.18211,-0.16591
0.124863,-0.003356,-0.480777,-0.122486,0.182169,0.158144,-0.101153,0.286132,-0.24023,-0.302963,0.088233,0.177281,0.135183,0.015483,-0.193917,0.032539,-0.216696,-0.216676,-0.096861,0.394748,0.299205,-0.240099,0.368088,0.250428,0.05365,-0.276178,-0.106896,-0.261283,-0.059876,0.273986,-0.169861,0.040926,-0.148333,0.199229,0.296403,0.094977,-0.352155,0.167033,0.169726,0.307837,0.329592,0.107967,0.013715,-0.237843,-0.174758,-0.024059,-0.213308,0.048423,0.42178,-0.033096,-0.133517,0.209478,-0.088591,-0.182407,0.120177,-0.029438,-0.17496,0.129941,0.072326,0.251728,0.012793,-0.289376,0.175531,-0.186383
0.152009,0.025431,-0.517759,-0.062324,0.19227,0.153762,-0.066451,0.336547,-0.226754,-0.3102,0.114208,0.131983,0.144627,0.004801,-0.152502,0.025714,-0.23652,-0.25564,-0.048147,0.392705,0.256281,-0.247846,0.338571,0.250984,0.080527,-0.255758,-0.126747,-0.285903,-0.060828,0.275324,-0.150842,0.027762,-0.171194,0.237063,0.322559,0.101171,-0.318616,0.186149,0.172558,0.283151,0.257449,0.098172,0.101066,-0.172711,-0.237292,-0.018687,-0.208386,0.068054,0.400141,-0.055197,-0.183979,0.259087,-0.063642,-0.162616,0.146642,-0.034411,-0.174262,0.133248,0.053196,0.205819,0.032613,-0.304394,0.174019,-0.17553
0.22009,0.005369,-0.439592,0.011055,0.136329,0.099332,-0.078323,0.288842,-0.098177,-0.339391,0.108365,0.14277,0.214477,-0.017557,-0.113699,0.017114,-0.193653,-0.223082,-0.037987,0.411672,0.237782,-0.184694,0.340762,0.221334,0.196089,-0.395468,-0.089723,-0.222687,-0.161872,0.225112,-0.091501,0.057773,-0.211046,0.197201,0.344745,0.018038,-0.280768,0.28296,0.150599,0.22449,0.306339,0.165014,0.072773,-0.245803,-0.306488,-0.062984,-0.225283,0.150112,0.388807,-0.060011,-0.309528,0.247885,-0.062964,-0.165008,0.165822,-0.060832,-0.171767,0.186775,0.101435,0.227513,-0.007993,-0.353858,0.138287,-0.244308
0.186193,0.002782,-0.477129,-0.065218,0.23907,0.252372,-0.111507,0.305551,-0.235889,-0.32468,0.109807,0.175976,0.123936,-0.005841,-0.074613,0.021228,-0.125273,-0.311375,-0.064923,0.4292,0.339545,-0.224573,0.346161,0.277457,0.023496,-0.248521,-0.197542,-0.28442,-0.115577,0.230755,-0.123115,0.060409,-0.23016,0.286674,0.274873,0.108003,-0.422017,0.236806,0.092707,0.290119,0.340281,0.101962,-0.022278,-0.316991,-0.256514,-0.014503,-0.249221,0.030113,0.387236,0.075666,-0.223706,0.21233,-0.082515,-0.141563,0.130122,-0.073144,-0.162268,0.121589,0.049132,0.24358,0.069424,-0.341617,0.212699,-0.23351
0.146982,-0.003451,-0.4703,-0.032321,0.173765,0.203576,-0.110853,0.26343,-0.213418,-0.289631,0.062701,0.177264,0.141015,-0.031709,-0.16985,0.03925,-0.234892,-0.20696,-0.076396,0.399934,0.290612,-0.264441,0.364597,0.266432,0.084981,-0.257019,-0.127479,-0.251853,-0.044394,0.284937,-0.167462,0.04488,-0.160678,0.232536,0.304937,0.113829,-0.281441,0.165438,0.158827,0.28668,0.333915,0.119818,0.014768,-0.206159,-0.228763,-0.040269,-0.213171,0.041438,0.44007,0.042138,-0.121295,0.188782,-0.003644,-0.152298,0.181,-0.03262,-0.167363,0.120502,0.073635,0.18502,0.028394,-0.317469,0.144018,-0.187764
0.197911,0.0186,-0.632156,-0.007249,0.219828,0.222522,-0.045336,0.214912,-0.240479,-0.267907,0.088542,0.188471,0.169322,0.035364,-0.108652,-0.003301,-0.254224,-0.345792,-0.120254,0.559065,0.137261,-0.170944,0.344202,0.328215,-0.005578,-0.347638,-0.224989,-0.350382,-0.151954,0.157273,-0.117876,-0.025377,-0.11307,0.325842,0.250552,0.059831,-0.520593,0.237447,0.15037,0.145317,0.257711,0.154082,-0.00335,-0.220332,-0.242929,0.082248,-0.258371,0.062799,0.488748,-0.021194,-0.203232,0.303165,-0.016006,-0.244262,0.073288,-0.01782,-0.187625,0.073626,0.03366,0.184581,0.034973,-0.446014,0.167158,-0.228193
0.147423,-0.103608,-0.492457,-0.055227,0.228809,0.09533,-0.1259,0.309677,-0.313515,-0.388642,0.063046,0.05035,0.099248,-0.043403,-0.182909,0.03938,-0.192233,-0.245162,-0.072045,0.429237,0.258075,-0.2016,0.308919,0.274146,0.179273,-0.278299,-0.177928,-0.318915,-0.052426,0.273935,-0.182111,0.029976,-0.177621,0.142689,0.290485,0.193927,-0.334254,0.157175,0.21938,0.207045,0.326246,0.118408,-0.000061,-0.183825,-0.225119,-0.075926,-0.158162,0.122122,0.332988,0.041517,-0.103779,0.104598,0.019634,-0.19444,0.106621,-0.024814,-0.12447,0.173084,0.107404,0.241169,-0.008766,-0.279089,0.188125,-0.227478
0.118262,0.019296,-0.465839,-0.058862,0.207242,0.178509,-0.129226,0.286263,-0.230775,-0.223621,0.04376,0.125242,0.115969,-0.020847,-0.146109,0.00508,-0.218781,-0.215492,-0.036744,0.456049,0.28669,-0.264236,0.354002,0.268733,0.120768,-0.286792,-0.117481,-0.23857,-0.061867,0.282386,-0.130213,0.059595,-0.132154,0.200003,0.310986,0.170637,-0.321936,0.200747,0.16412,0.259882,0.316652,0.071695,0.079635,-0.223582,-0.222172,-0.055786,-0.298864,0.079435,0.382668,-0.012681,-0.147316,0.228334,-0.034593,-0.199142,0.125849,-0.070888,-0.162702,0.151479,0.027486,0.211704,0.041403,-0.344518,0.171084,-0.205695
0.16532,-0.110286,-0.475928,-0.11248,0.179218,0.100466,-0.113661,0.309182,-0.327993,-0.311378,0.096378,0.06129,0.049989,-0.066691,-0.291764,-0.008461,-0.242914,-0.276162,-0.062209,0.28771,0.256023,-0.257444,0.463485,0.276746,0.066383,-0.155923,-0.039958,-0.170571,0.01348,0.38791,-0.097568,-0.062462,-0.179268,0.301993,0.31611,0.145359,-0.164182,0.186645,0.267172,0.366817,0.183419,0.041456,0.057676,-0.245011,-0.25731,-0.043117,-0.229546,0.011284,0.252928,0.025399,-0.12825,0.056163,0.012299,-0.086192,0.180841,-0.062572,-0.211933,0.191578,0.081794,0.160134,0.01827,-0.374647,0.10685,-0.132747
0.21381,-0.015314,-0.517961,-0.037111,0.222467,0.19877,-0.094391,0.279146,-0.240798,-0.329879,0.126059,0.134669,0.197495,-0.045607,-0.143634,0.023579,-0.203681,-0.201763,-0.05194,0.421102,0.254173,-0.246213,0.335189,0.280934,0.039329,-0.230139,-0.119148,-0.306924,-0.038752,0.275398,-0.131397,0.042151,-0.180986,0.227656,0.26218,0.069548,-0.341635,0.239189,0.074919,0.229214,0.350371,0.125735,0.097503,-0.260836,-0.184436,-0.029485,-0.196066,0.028458,0.463285,0.011206,-0.198529,0.249444,-0.047913,-0.229025,0.155181,-0.025444,-0.199055,0.167671,0.030617,0.269484,0.02833,-0.299171,0.181905,-0.152999
0.280837,0.035689,-0.518465,-0.102169,0.244964,0.172175,-0.068499,0.292903,-0.269952,-0.30771,0.104803,0.172159,0.159474,0.020785,-0.136786,0.119811,-0.196448,-0.195869,-0.028902,0.383397,0.178608,-0.214253,0.312889,0.370979,-0.003155,-0.267968,-0.116599,-0.263816,-0.009381,0.276281,-0.181062,0.07175,-0.130249,0.183533,0.26382,0.116101,-0.42894,0.276818,0.109757,0.308486,0.286674,0.149963,0.068879,-0.217933,-0.260013,-0.002369,-0.184282,-0.005843,0.446956,0.040009,-0.175188,0.284409,-0.010445,-0.244693,0.121897,-0.107967,-0.231098,0.132724,0.039453,0.201531,0.025985,-0.341617,0.295937,-0.075763
0.12036,-0.072545,-0.499089,-0.050104,0.202155,0.143428,-0.139079,0.28253,-0.137529,-0.332346,0.061359,0.167425,0.193689,0.046131,-0.158599,0.082985,-0.218142,-0.188743,-0.021848,0.414019,0.213878,-0.338646,0.299738,0.409843,0.134932,-0.181461,-0.133891,-0.216921,-0.063662,0.221839,-0.134353,-0.003399,-0.20655,0.222061,0.372824,0.153275,-0.406646,0.186318,0.071894,0.229053,0.333571,0.112639,0.109854,-0.200248,-0.215945,-0.077921,-0.156107,0.030658,0.39112,-0.030536,-0.121385,0.242559,0.008765,-0.115777,0.211838,-0.047769,-0.107349,0.133301,0.008013,0.292325,0.036028,-0.24267,0.238275,-0.148174
0.167197,0.011285,-0.49993,-0.073826,0.230458,0.143902,-0.122763,0.247622,-0.217366,-0.362261,0.072213,0.111173,0.156478,-0.044954,-0.147509,-0.006088,-0.199679,-0.2125,-0.107059,0.453512,0.291034,-0.246243,0.358661,0.116233,0.05597,-0.271882,-0.116906,-0.197522,-0.02073,0.301256,-0.188255,0.033793,-0.185024,0.198816,0.354086,0.100253,-0.311729,0.226617,0.147573,0.272206,0.258086,0.150375,0.00198,-0.213716,-0.158421,-0.087489,-0.177469,0.032823,0.341173,-0.036435,-0.133316,0.192821,-0.043238,-0.237072,0.157785,-0.063527,-0.20155,0.269152,0.023535,0.200705,0.083485,-0.262387,0.124031,-0.118664
0.187982,-0.02761,-0.535862,-0.043933,0.257565,0.195125,-0.113657,0.242871,-0.251096,-0.33339,0.185839,0.138447,0.15873,-0.018013,-0.128293,0.032917,-0.189238,-0.289581,-0.081878,0.464462,0.220856,-0.23458,0.291609,0.277162,0.111262,-0.275621,-0.262798,-0.288098,-0.082397,0.214953,-0.099989,0.083719,-0.113601,0.229165,0.321636,0.035324,-0.413122,0.304043,0.111475,0.278901,0.319116,0.115226,0.081336,-0.270452,-0.284558,-0.038593,-0.210112,0.038387,0.364476,-0.009301,-0.194178,0.284715,-0.006417,-0.192549,0.154154,0.023109,-0.276912,0.06545,0.073667,0.249792,0.078237,-0.414292,0.23238,-0.16389
0.185615,-0.011039,-0.527854,-0.085854,0.233512,0.20302,-0.087755,0.298807,-0.241306,-0.310029,0.15602,0.158186,0.110598,0.015439,-0.152389,0.035497,-0.245642,-0.195668,-0.04684,0.393441,0.249093,-0.252022,0.365846,0.34878,0.092411,-0.258656,-0.141817,-0.214517,-0.057139,0.242317,-0.120675,0.035441,-0.190496,0.191358,0.329982,0.105615,-0.382552,0.168984,0.130737,0.236401,0.33719,0.123704,0.06929,-0.22925,-0.195301,-0.005005,-0.201523,0.024968,0.418668,0.004338,-0.124881,0.220719,-0.052147,-0.189412,0.191311,-0.07002,-0.158376,0.082243,0.053291,0.235009,0.056799,-0.294898,0.140197,-0.177258
0.183263,-0.017886,-0.459588,-0.07236,0.255455,0.184245,-0.054532,0.349687,-0.236601,-0.352463,0.094179,0.107635,0.147586,-0.002078,-0.19955,0.051216,-0.170761,-0.201764,-0.017349,0.41576,0.285596,-0.212444,0.401283,0.224781,0.14278,-0.271603,-0.130645,-0.194846,0.007374,0.193427,-0.155693,0.085609,-0.180994,0.214829,0.358628,0.081548,-0.285906,0.234122,0.175622,0.264887,0.283902,0.048907,0.109729,-0.156127,-0.200586,-0.089667,-0.234838,0.09,0.336041,-0.027343,-0.230304,0.136632,-0.000225,-0.187748,0.10043,-0.060155,-0.120725,0.210256,0.005554,0.188379,0.085119,-0.274077,0.142478,-0.200909
0.139288,0.005475,-0.481527,-0.060054,0.238868,0.117403,-0.113014,0.281852,-0.228215,-0.30846,0.087679,0.112347,0.18696,0.016424,-0.153591,-0.024325,-0.209896,-0.247633,-0.071016,0.434788,0.316989,-0.237427,0.339878,0.25376,0.10886,-0.28111,-0.172721,-0.236867,-0.103192,0.229794,-0.160801,-0.006413,-0.121016,0.182155,0.304957,0.141997,-0.341975,0.212403,0.174034,0.265995,0.322854,0.070509,0.032122,-0.171533,-0.200654,-0.021629,-0.195981,0.026082,0.39086,-0.040983,-0.150961,0.186381,-0.063873,-0.16557,0.128244,-0.058268,-0.136349,0.162108,0.076494,0.231648,0.077289,-0.361918,0.142748,-0.143727
0.146706,0.015993,-0.532564,-0.100363,0.16999,0.17342,-0.100003,0.249967,-0.251311,-0.32938,0.132975,0.135026,0.129043,0.012821,-0.123985,-0.014758,-0.199575,-0.250972,-0.065979,0.469495,0.241112,-0.219312,0.394228,0.274908,0.076857,-0.218157,-0.201289,-0.330201,-0.094659,0.287109,-0.159841,0.04945,-0.138364,0.209231,0.33611,0.067583,-0.362638,0.153084,0.151779,0.281881,0.338432,0.13219,0.070174,-0.214118,-0.247608,0.021662,-0.235415,0.056545,0.376304,0.054354,-0.173688,0.232121,-0.038032,-0.145822,0.127873,-0.049162,-0.163759,0.096267,0.030087,0.239508,-0.017039,-0.317981,0.163632,-0.135147
0.169118,0.012255,-0.528997,-0.059413,0.182126,0.118121,-0.038562,0.266548,-0.189597,-0.261837,0.064388,0.107345,0.135143,0.019028,-0.159058,0.00242,-0.197712,-0.237589,-0.082432,0.38436,0.281463,-0.258149,0.329351,0.272327,0.092748,-0.269818,-0.114961,-0.237335,-0.06994,0.253399,-0.198558,0.014109,-0.185201,0.187963,0.39297,0.104591,-0.290951,0.255768,0.13346,0.278979,0.343631,0.098649,0.01948,-0.259491,-0.17069,-0.047919,-0.191302,0.080459,0.406532,-0.027182,-0.153881,0.25696,-0.029829,-0.152752,0.140497,0.008003,-0.180796,0.157382,0.013233,0.234853,0.067002,-0.316252,0.157593,-0.18146
0.066664,0.012387,-0.472589,-0.018936,0.198617,0.100059,-0.183471,0.210293,-0.153164,-0.347848,0.121548,0.161337,0.184921,0.064397,-0.245367,-0.035717,-0.223008,-0.212389,-0.129612,0.407776,0.255766,-0.301458,0.363218,0.291864,0.102892,-0.19261,-0.220006,-0.273721,-0.001268,0.324625,-0.187889,-0.037108,-0.134235,0.354892,0.311211,0.163696,-0.274601,0.083805,0.239641,0.287761,0.299761,0.038365,-0.027937,-0.259281,-0.206691,-0.090575,-0.142216,0.081052,0.443697,-0.023177,-0.076259,0.191368,0.032278,-0.109415,0.123859,-0.055693,-0.093038,0.14087,0.073089,0.22935,-0.032678,-0.351671,0.09715,-0.131557
0.1522,-0.011969,-0.480366,-0.056313,0.192234,0.16185,-0.103335,0.28824,-0.226361,-0.318823,0.093907,0.137013,0.154502,0.034738,-0.170933,0.000618,-0.224194,-0.217087,-0.081051,0.405194,0.266891,-0.251198,0.350348,0.236343,0.105523,-0.233818,-0.111925,-0.249478,-0.057483,0.287264,-0.177657,0.015477,-0.126292,0.199775,0.340301,0.10849,-0.33385,0.19339,0.166909,0.26855,0.294631,0.090083,0.034515,-0.180938,-0.204329,-0.031315,-0.224633,0.024947,0.384143,0.010558,-0.150337,0.208552,-0.036427,-0.175074,0.161986,-0.037783,-0.168561,0.156868,0.052514,0.222882,0.025766,-0.299556,0.155444,-0.174939
0.168169,0.033363,-0.436949,-0.061787,0.216732,0.172036,-0.159907,0.338334,-0.230009,-0.347897,0.076338,0.143459,0.141749,0.022845,-0.14625,-0.03056,-0.182942,-0.220853,-0.089807,0.425965,0.235057,-0.257746,0.33103,0.247432,0.092718,-0.196053,-0.184325,-0.242195,-0.046206,0.29862,-0.152814,0.057124,-0.158594,0.246745,0.352317,0.108306,-0.379165,0.159662,0.119571,0.261453,0.310408,0.106526,0.054483,-0.231782,-0.23362,-0.046017,-0.243967,0.006905,0.356893,0.067773,-0.205288,0.244348,-0.011758,-0.193253,0.147265,-0.067596,-0.200493,0.193434,0.037071,0.272246,0.019179,-0.2797,0.129526,-0.204691
0.10565,-0.049335,-0.506199,-0.067818,0.220962,0.170082,-0.141167,0.313962,-0.223325,-0.354173,0.039434,0.102667,0.0932,0.016654,-0.137973,0.085195,-0.23376,-0.261357,-0.079967,0.420815,0.282851,-0.250938,0.357237,0.235934,0.089123,-0.200973,-0.184243,-0.346404,-0.047336,0.233052,-0.123019,0.020181,-0.136291,0.145281,0.299649,0.130977,-0.340073,0.195384,0.158759,0.302049,0.257039,0.155254,0.046604,-0.176996,-0.270178,-0.030346,-0.265575,0.065178,0.364458,0.016604,-0.172237,0.171041,-0.051894,-0.204546,0.14768,0.004831,-0.166873,0.124753,0.078769,0.244565,0.05726,-0.309917,0.20487,-0.195646
0.236527,-0.074732,-0.544973,-0.10238,0.184424,0.167273,-0.11036,0.17917,-0.292945,-0.343705,0.043672,0.223167,0.12426,-0.029694,-0.062584,0.0092,-0.137919,-0.20994,-0.203805,0.387724,0.283502,-0.163769,0.410223,0.229797,0.024029,-0.218766,-0.179955,-0.313752,-0.183499,0.28791,-0.145548,0.058503,-0.132042,0.239544,0.296899,0.073104,-0.363194,0.158603,0.117593,0.214988,0.427213,0.176777,-0.013979,-0.301314,-0.32019,-0.043077,-0.297871,-0.045452,0.512151,0.020383,-0.293562,0.295425,-0.0757,-0.178996,0.146065,0.118993,-0.209069,0.203454,0.036087,0.243991,0.125687,-0.352725,0.182079,-0.187314
0.227849,-0.001603,-0.499212,-0.081425,0.228054,0.17643,-0.092429,0.20772,-0.266562,-0.334268,0.116087,0.226905,0.125444,-0.014584,-0.177755,-0.071521,-0.196891,-0.284209,-0.15685,0.449265,0.227533,-0.331024,0.343223,0.364393,0.023739,-0.244487,-0.036883,-0.344789,-0.067931,0.212304,-0.124506,0.038363,-0.105406,0.256753,0.22878,0.11175,-0.403005,0.292571,0.086234,0.275708,0.376878,0.085486,0.108587,-0.231412,-0.176783,-0.035022,-0.265951,0.054175,0.455574,-0.06831,-0.118159,0.262049,-0.077381,-0.187903,0.190279,0.084155,-0.175706,0.172901,0.03019,0.183609,0.113784,-0.35049,0.13392,-0.069151
0.169445,-0.015499,-0.512051,-0.07407,0.211623,0.177334,-0.079028,0.294949,-0.237933,-0.294227,0.087093,0.109899,0.147594,-0.01331,-0.145199,0.008711,-0.187521,-0.249134,-0.06173,0.398801,0.26299,-0.244256,0.382166,0.246815,0.083849,-0.24883,-0.149081,-0.275629,-0.08619,0.254223,-0.169829,0.009881,-0.157105,0.225814,0.298085,0.111584,-0.337478,0.209392,0.119691,0.254993,0.302341,0.082564,0.054719,-0.246651,-0.231658,-0.057377,-0.225821,0.057394,0.41851,-0.022809,-0.208231,0.227451,-0.022063,-0.172151,0.09726,-0.041482,-0.18462,0.147553,0.042489,0.239427,0.036391,-0.344407,0.172758,-0.192374
0.156632,-0.012548,-0.439568,-0.027957,0.162235,0.192823,-0.025896,0.323538,-0.27669,-0.313394,0.090868,0.213524,0.147598,0.012249,-0.180586,-0.053003,-0.204508,-0.244297,-0.123269,0.396686,0.31027,-0.252348,0.273776,0.19044,0.084747,-0.221598,-0.146692,-0.26078,-0.08945,0.270908,-0.164812,-0.029603,-0.130599,0.147526,0.392007,0.139952,-0.357007,0.203672,0.131193,0.282076,0.304586,0.097568,0.060034,-0.203858,-0.213685,-0.054159,-0.150903,0.037193,0.369537,-0.034358,-0.132268,0.186031,-0.056387,-0.237533,0.157814,-0.061384,-0.214936,0.185251,0.011398,0.198226,0.011843,-0.305965,0.203968,-0.144261
0.170247,0.023948,-0.53254,-0.080396,0.209281,0.173309,-0.103619,0.22843,-0.262709,-0.30643,0.088652,0.152189,0.151832,-0.016519,-0.119238,-0.001673,-0.236046,-0.251994,-0.097304,0.411072,0.240032,-0.248357,0.396842,0.269475,0.068215,-0.263431,-0.221451,-0.297948,-0.085677,0.273882,-0.163744,0.022346,-0.181686,0.243458,0.29251,0.071889,-0.396221,0.163909,0.124262,0.29253,0.357927,0.134598,0.043639,-0.25906,-0.1987,-0.003286,-0.212501,0.04057,0.425363,0.013779,-0.15801,0.207879,-0.036142,-0.158941,0.118322,-0.005478,-0.156721,0.11779,0.062103,0.185142,0.032661,-0.328802,0.19493,-0.186077
